design,flow,comb_power,switching_power,tot_power,#1-bit FFs,#2-bit FFs,#4-bit FFs,#clk bufs,WNS,TNS,area,WL,#inst
aes,base,0.0672631,0.098881,0.166145,562,0,0,46,-10.2587,-103.069,1838.64,57850,17106
aes,baseline alpha_2-beta_0.1,0.0670645,0.0987367,0.165802,464,23,13,48,-23.187,-699.813,1834.24,57724,16992
aes,modified alpha_2-beta_0.1,0.0682437,0.0995119,0.167757,480,21,10,39,-14.9628,-367.061,1855.73,58420,17195
aes,baseline alpha_4-beta_0.1,0.0674188,0.0992009,0.166621,222,20,75,30,-31.9393,-1835.35,1852.87,58437,16998
aes,modified alpha_4-beta_0.1,0.0676889,0.0993553,0.167045,214,14,80,26,-36.5118,-1884.14,1855.89,58334,17025
aes,baseline alpha_8-beta_0.1,0.0672969,0.0991484,0.166447,106,12,108,24,-33.9754,-2052,1853.06,58460,16914
aes,modified alpha_8-beta_0.1,0.0674897,0.0992437,0.166735,102,12,109,23,-36.2374,-2017.41,1854.81,58417,16953
aes,baseline alpha_16-beta_0.1,0.066963,0.0991418,0.166106,36,5,129,19,-35.3196,-2639.89,1850.17,58557,16828
aes,modified alpha_16-beta_0.1,0.0676298,0.0994995,0.167131,38,10,126,20,-32.8871,-2117.12,1862,58907,16932
aes,baseline alpha_67-beta_0.1,0.0676285,0.0993722,0.167002,10,2,137,27,-39.2564,-2472.98,1867.57,58856,16926
aes,modified alpha_67-beta_0.1,0.0673084,0.0992604,0.16657,30,6,130,20,-51.5677,-2726.21,1857.45,58466,16892
aes,baseline alpha_130-beta_0.1,0.0676285,0.0993722,0.167002,10,2,137,27,-39.2564,-2472.98,1867.57,58856,16926
aes,modified alpha_130-beta_0.1,0.0673084,0.0992604,0.16657,30,6,130,20,-51.5677,-2726.21,1857.45,58466,16892
aes,baseline alpha_193-beta_0.1,0.0676285,0.0993722,0.167002,10,2,137,27,-39.2564,-2472.98,1867.57,58856,16926
aes,modified alpha_193-beta_0.1,0.0673084,0.0992604,0.16657,30,6,130,20,-51.5677,-2726.21,1857.45,58466,16892
aes,baseline alpha_256-beta_0.1,0.0676285,0.0993722,0.167002,10,2,137,27,-39.2564,-2472.98,1867.57,58856,16926
aes,modified alpha_256-beta_0.1,0.0673084,0.0992604,0.16657,30,6,130,20,-51.5677,-2726.21,1857.45,58466,16892
aes-block,base,0.00477765,0.00259574,0.00737384,518,0,0,54,-22.1191,-350.034,6264.03,44741,8986
aes-block,baseline alpha_2-beta_0.1,0.00470632,0.0025466,0.00725336,468,9,8,50,-25.7345,-681.493,6261.64,44844,8894
aes-block,modified alpha_2-beta_0.1,0.00467264,0.00256572,0.00723881,482,6,6,50,-27.622,-560.77,6261.91,44820,8936
aes-block,baseline alpha_4-beta_0.1,0.00420461,0.00233343,0.00653848,296,15,48,44,-34.2564,-946.923,6263.04,44883,8870
aes-block,modified alpha_4-beta_0.1,0.00426151,0.00233067,0.00659261,300,29,40,47,-49.0286,-1360.14,6257.95,45246,8806
aes-block,baseline alpha_8-beta_0.1,0.00382026,0.00215511,0.0059758,118,6,97,36,-47.9182,-3035.48,6255.49,44812,8635
aes-block,modified alpha_8-beta_0.1,0.00383395,0.00213561,0.00596999,122,16,91,34,-49.53,-2059.61,6256.5,45376,8671
aes-block,baseline alpha_16-beta_0.1,0.00366462,0.00202426,0.0056893,30,4,120,33,-63.3266,-3802.37,6249.25,44979,8517
aes-block,modified alpha_16-beta_0.1,0.00374969,0.00207014,0.00582025,62,6,111,32,-41.7313,-1891.66,6249.22,44991,8526
aes-block,baseline alpha_67-beta_0.1,0.00366123,0.00201285,0.00567451,4,1,128,35,-52.5512,-3463.35,6249.48,45127,8486
aes-block,modified alpha_67-beta_0.1,0.00368526,0.00204915,0.00573483,30,4,120,32,-64.7687,-2182.08,6247.68,45039,8491
aes-block,baseline alpha_130-beta_0.1,0.00366123,0.00201285,0.00567451,4,1,128,35,-52.5512,-3463.35,6249.48,45127,8486
aes-block,modified alpha_130-beta_0.1,0.00368526,0.00204915,0.00573483,30,4,120,32,-64.7687,-2182.08,6247.68,45039,8491
aes-block,baseline alpha_193-beta_0.1,0.00366123,0.00201285,0.00567451,4,1,128,35,-52.5512,-3463.35,6249.48,45127,8486
aes-block,modified alpha_193-beta_0.1,0.00368526,0.00204915,0.00573483,30,4,120,32,-64.7687,-2182.08,6247.68,45039,8491
aes-block,baseline alpha_256-beta_0.1,0.00366123,0.00201285,0.00567451,4,1,128,35,-52.5512,-3463.35,6249.48,45127,8486
aes-block,modified alpha_256-beta_0.1,0.00368526,0.00204915,0.00573483,30,4,120,32,-64.7687,-2182.08,6247.68,45039,8491
aes-block_aes_rcon,base,7.00281e-05,2.74015e-05,9.74355e-05,12,0,0,3,144.431,0,11.7515,166,139
aes-block_aes_rcon,baseline alpha_2-beta_0.1,6.45352e-05,2.52793e-05,8.98202e-05,4,4,0,4,117.459,0,11.8244,179,136
aes-block_aes_rcon,modified alpha_2-beta_0.1,7.12509e-05,2.74554e-05,9.87122e-05,10,1,0,4,143.475,0,11.8244,168,139
aes-block_aes_rcon,baseline alpha_4-beta_0.1,5.96266e-05,2.13515e-05,8.09836e-05,0,4,1,4,117.314,0,11.8244,175,133
aes-block_aes_rcon,modified alpha_4-beta_0.1,6.56435e-05,2.6135e-05,9.17842e-05,8,2,0,3,144.357,0,11.7515,166,137
aes-block_aes_rcon,baseline alpha_8-beta_0.1,5.60166e-05,1.96261e-05,7.56481e-05,0,2,2,3,114.639,0,11.7515,182,131
aes-block_aes_rcon,modified alpha_8-beta_0.1,6.56435e-05,2.6135e-05,9.17842e-05,8,2,0,3,144.357,0,11.7515,166,137
aes-block_aes_rcon,baseline alpha_16-beta_0.1,5.90162e-05,1.96957e-05,7.87173e-05,0,0,3,4,112.137,0,11.8244,195,131
aes-block_aes_rcon,modified alpha_16-beta_0.1,6.56435e-05,2.6135e-05,9.17842e-05,8,2,0,3,144.357,0,11.7515,166,137
aes-block_aes_rcon,baseline alpha_67-beta_0.1,5.90162e-05,1.96957e-05,7.87173e-05,0,0,3,4,112.137,0,11.8244,195,131
aes-block_aes_rcon,modified alpha_67-beta_0.1,6.56435e-05,2.6135e-05,9.17842e-05,8,2,0,3,144.357,0,11.7515,166,137
aes-block_aes_rcon,baseline alpha_130-beta_0.1,5.90162e-05,1.96957e-05,7.87173e-05,0,0,3,4,112.137,0,11.8244,195,131
aes-block_aes_rcon,modified alpha_130-beta_0.1,6.56435e-05,2.6135e-05,9.17842e-05,8,2,0,3,144.357,0,11.7515,166,137
aes-block_aes_rcon,baseline alpha_193-beta_0.1,5.90162e-05,1.96957e-05,7.87173e-05,0,0,3,4,112.137,0,11.8244,195,131
aes-block_aes_rcon,modified alpha_193-beta_0.1,6.56435e-05,2.6135e-05,9.17842e-05,8,2,0,3,144.357,0,11.7515,166,137
aes-block_aes_rcon,baseline alpha_256-beta_0.1,5.90162e-05,1.96957e-05,7.87173e-05,0,0,3,4,112.137,0,11.8244,195,131
aes-block_aes_rcon,modified alpha_256-beta_0.1,6.56435e-05,2.6135e-05,9.17842e-05,8,2,0,3,144.357,0,11.7515,166,137
aes-block_aes_sbox,base,9.35221e-05,0.000172879,0.000266438,0,0,0,0,11.9064,0,65.2309,1853,708
aes-block_aes_sbox,baseline alpha_2-beta_0.1,9.35221e-05,0.000172879,0.000266438,0,0,0,0,11.9064,0,65.2309,1853,708
aes-block_aes_sbox,modified alpha_2-beta_0.1,9.35221e-05,0.000172879,0.000266438,0,0,0,0,11.9064,0,65.2309,1853,708
aes-block_aes_sbox,baseline alpha_4-beta_0.1,9.35221e-05,0.000172879,0.000266438,0,0,0,0,11.9064,0,65.2309,1853,708
aes-block_aes_sbox,modified alpha_4-beta_0.1,9.35221e-05,0.000172879,0.000266438,0,0,0,0,11.9064,0,65.2309,1853,708
aes-block_aes_sbox,baseline alpha_8-beta_0.1,9.35221e-05,0.000172879,0.000266438,0,0,0,0,11.9064,0,65.2309,1853,708
aes-block_aes_sbox,modified alpha_8-beta_0.1,9.35221e-05,0.000172879,0.000266438,0,0,0,0,11.9064,0,65.2309,1853,708
aes-block_aes_sbox,baseline alpha_16-beta_0.1,9.35221e-05,0.000172879,0.000266438,0,0,0,0,11.9064,0,65.2309,1853,708
aes-block_aes_sbox,modified alpha_16-beta_0.1,9.35221e-05,0.000172879,0.000266438,0,0,0,0,11.9064,0,65.2309,1853,708
aes-block_aes_sbox,baseline alpha_67-beta_0.1,9.35221e-05,0.000172879,0.000266438,0,0,0,0,11.9064,0,65.2309,1853,708
aes-block_aes_sbox,modified alpha_67-beta_0.1,9.35221e-05,0.000172879,0.000266438,0,0,0,0,11.9064,0,65.2309,1853,708
aes-block_aes_sbox,baseline alpha_130-beta_0.1,9.35221e-05,0.000172879,0.000266438,0,0,0,0,11.9064,0,65.2309,1853,708
aes-block_aes_sbox,modified alpha_130-beta_0.1,9.35221e-05,0.000172879,0.000266438,0,0,0,0,11.9064,0,65.2309,1853,708
aes-block_aes_sbox,baseline alpha_193-beta_0.1,9.35221e-05,0.000172879,0.000266438,0,0,0,0,11.9064,0,65.2309,1853,708
aes-block_aes_sbox,modified alpha_193-beta_0.1,9.35221e-05,0.000172879,0.000266438,0,0,0,0,11.9064,0,65.2309,1853,708
aes-block_aes_sbox,baseline alpha_256-beta_0.1,9.35221e-05,0.000172879,0.000266438,0,0,0,0,11.9064,0,65.2309,1853,708
aes-block_aes_sbox,modified alpha_256-beta_0.1,9.35221e-05,0.000172879,0.000266438,0,0,0,0,11.9064,0,65.2309,1853,708
aes-mbff,baseline alpha_2-beta_0.1,0.0704789,0.10075,0.17123,514,8,8,47,-33.1635,-1141.09,1913.58,64903,18025
aes-mbff,modified alpha_2-beta_0.1,0.070081,0.100634,0.170716,496,15,9,43,-28.0068,-825.176,1900.31,64763,17903
aes-mbff,baseline alpha_4-beta_0.1,0.0710441,0.101109,0.172155,288,21,58,40,-34.1605,-1675.91,1919.49,65059,17899
aes-mbff,modified alpha_4-beta_0.1,0.0704081,0.100781,0.171191,250,30,63,36,-31.3773,-1497.72,1909.25,64948,17824
aes-mbff,baseline alpha_8-beta_0.1,0.0702814,0.100806,0.171089,120,17,102,32,-40.4825,-2035.05,1907.92,65286,17685
aes-mbff,modified alpha_8-beta_0.1,0.0701937,0.100787,0.170982,96,29,102,30,-37.5635,-2264.93,1905.33,65197,17656
aes-mbff,baseline alpha_16-beta_0.1,0.0700804,0.100948,0.171029,36,7,128,26,-37.1963,-2262.79,1902.54,65495,17545
aes-mbff,modified alpha_16-beta_0.1,0.070424,0.101018,0.171443,48,17,120,27,-31.2957,-2200.83,1901.7,65233,17541
aes-mbff,baseline alpha_67-beta_0.1,0.0701632,0.100986,0.17115,12,3,136,29,-48.5531,-2709.11,1902.41,65620,17513
aes-mbff,modified alpha_67-beta_0.1,0.0702986,0.101133,0.171433,30,10,128,25,-34.774,-2402.52,1903.71,65490,17555
aes-mbff,baseline alpha_130-beta_0.1,0.0701632,0.100986,0.17115,12,3,136,29,-48.5531,-2709.11,1902.41,65620,17513
aes-mbff,modified alpha_130-beta_0.1,0.0702986,0.101133,0.171433,30,10,128,25,-34.774,-2402.52,1903.71,65490,17555
aes-mbff,baseline alpha_193-beta_0.1,0.0701632,0.100986,0.17115,12,3,136,29,-48.5531,-2709.11,1902.41,65620,17513
aes-mbff,modified alpha_193-beta_0.1,0.0702986,0.101133,0.171433,30,10,128,25,-34.774,-2402.52,1903.71,65490,17555
aes-mbff,baseline alpha_256-beta_0.1,0.0701632,0.100986,0.17115,12,3,136,29,-48.5531,-2709.11,1902.41,65620,17513
aes-mbff,modified alpha_256-beta_0.1,0.0702986,0.101133,0.171433,30,10,128,25,-34.774,-2402.52,1903.71,65490,17555
aes-mbff-tcc-v1,baseline alpha_2-beta_0.1,0.0704789,0.10075,0.17123,514,8,8,47,-33.1635,-1141.09,1913.58,64903,18025
aes-mbff-tcc-v1,modified alpha_2-beta_0.1,0.070081,0.100634,0.170716,496,15,9,43,-28.0068,-825.176,1900.31,64763,17903
aes-mbff-tcc-v1,baseline alpha_4-beta_0.1,0.0710441,0.101109,0.172155,288,21,58,40,-34.1605,-1675.91,1919.49,65059,17899
aes-mbff-tcc-v1,modified alpha_4-beta_0.1,0.0704081,0.100781,0.171191,250,30,63,36,-31.3773,-1497.72,1909.25,64948,17824
aes-mbff-tcc-v1,baseline alpha_8-beta_0.1,0.0702814,0.100806,0.171089,120,17,102,32,-40.4825,-2035.05,1907.92,65286,17685
aes-mbff-tcc-v1,modified alpha_8-beta_0.1,0.0701937,0.100787,0.170982,96,29,102,30,-37.5635,-2264.93,1905.33,65197,17656
aes-mbff-tcc-v1,baseline alpha_16-beta_0.1,0.0700804,0.100948,0.171029,36,7,128,26,-37.1963,-2262.79,1902.54,65495,17545
aes-mbff-tcc-v1,modified alpha_16-beta_0.1,0.070424,0.101018,0.171443,48,17,120,27,-31.2957,-2200.83,1901.7,65233,17541
aes-mbff-tcc-v1,baseline alpha_67-beta_0.1,0.0701632,0.100986,0.17115,12,3,136,29,-48.5531,-2709.11,1902.41,65620,17513
aes-mbff-tcc-v1,modified alpha_67-beta_0.1,0.0702986,0.101133,0.171433,30,10,128,25,-34.774,-2402.52,1903.71,65490,17555
aes-mbff-tcc-v1,baseline alpha_130-beta_0.1,0.0701632,0.100986,0.17115,12,3,136,29,-48.5531,-2709.11,1902.41,65620,17513
aes-mbff-tcc-v1,modified alpha_130-beta_0.1,0.0702986,0.101133,0.171433,30,10,128,25,-34.774,-2402.52,1903.71,65490,17555
aes-mbff-tcc-v1,baseline alpha_193-beta_0.1,0.0701632,0.100986,0.17115,12,3,136,29,-48.5531,-2709.11,1902.41,65620,17513
aes-mbff-tcc-v1,modified alpha_193-beta_0.1,0.0702986,0.101133,0.171433,30,10,128,25,-34.774,-2402.52,1903.71,65490,17555
aes-mbff-tcc-v1,baseline alpha_256-beta_0.1,0.0701632,0.100986,0.17115,12,3,136,29,-48.5531,-2709.11,1902.41,65620,17513
aes-mbff-tcc-v1,modified alpha_256-beta_0.1,0.0702986,0.101133,0.171433,30,10,128,25,-34.774,-2402.52,1903.71,65490,17555
aes_lvt,base,0.0813304,0.10545,0.186787,562,0,0,50,-1.77802,-3.62041,1734.68,61295,16561
aes_lvt,baseline alpha_2-beta_0.1,0.0812378,0.105412,0.186656,562,0,0,50,-5.31855,-10.8841,1734.68,61263,16561
aes_lvt,modified alpha_2-beta_0.1,0.0812378,0.105412,0.186656,562,0,0,50,-5.31855,-10.8841,1734.68,61263,16561
aes_lvt,baseline alpha_4-beta_0.1,0.0812378,0.105412,0.186656,562,0,0,50,-5.31855,-10.8841,1734.68,61263,16561
aes_lvt,modified alpha_4-beta_0.1,0.0812378,0.105412,0.186656,562,0,0,50,-5.31855,-10.8841,1734.68,61263,16561
aes_lvt,baseline alpha_8-beta_0.1,0.0812378,0.105412,0.186656,562,0,0,50,-5.31855,-10.8841,1734.68,61263,16561
aes_lvt,modified alpha_8-beta_0.1,0.0812378,0.105412,0.186656,562,0,0,50,-5.31855,-10.8841,1734.68,61263,16561
aes_lvt,baseline alpha_16-beta_0.1,0.0812378,0.105412,0.186656,562,0,0,50,-5.31855,-10.8841,1734.68,61263,16561
aes_lvt,modified alpha_16-beta_0.1,0.0812378,0.105412,0.186656,562,0,0,50,-5.31855,-10.8841,1734.68,61263,16561
aes_lvt,baseline alpha_67-beta_0.1,0.0812378,0.105412,0.186656,562,0,0,50,-5.31855,-10.8841,1734.68,61263,16561
aes_lvt,modified alpha_67-beta_0.1,0.0812378,0.105412,0.186656,562,0,0,50,-5.31855,-10.8841,1734.68,61263,16561
aes_lvt,baseline alpha_130-beta_0.1,0.0812378,0.105412,0.186656,562,0,0,50,-5.31855,-10.8841,1734.68,61263,16561
aes_lvt,modified alpha_130-beta_0.1,0.0812378,0.105412,0.186656,562,0,0,50,-5.31855,-10.8841,1734.68,61263,16561
aes_lvt,baseline alpha_193-beta_0.1,0.0812378,0.105412,0.186656,562,0,0,50,-5.31855,-10.8841,1734.68,61263,16561
aes_lvt,modified alpha_193-beta_0.1,0.0812378,0.105412,0.186656,562,0,0,50,-5.31855,-10.8841,1734.68,61263,16561
aes_lvt,baseline alpha_256-beta_0.1,0.0812378,0.105412,0.186656,562,0,0,50,-5.31855,-10.8841,1734.68,61263,16561
aes_lvt,modified alpha_256-beta_0.1,0.0812378,0.105412,0.186656,562,0,0,50,-5.31855,-10.8841,1734.68,61263,16561
ethmac,base,0.086438,0.0248778,0.111321,10546,0,0,910,-86.2651,-1464.06,7935.72,210475,60948
ethmac,baseline alpha_2-beta_0.1,0.0787337,0.0223566,0.101096,8106,364,428,772,-82.4131,-1412.63,7894.81,210697,59198
ethmac,modified alpha_2-beta_0.1,0.0791048,0.0224038,0.101514,8064,371,435,769,-86.4495,-1469.3,7899.09,210804,59164
ethmac,baseline alpha_4-beta_0.1,0.0597806,0.015776,0.0755618,2970,214,1787,448,-83.6234,-1390.76,7781.43,211471,54921
ethmac,modified alpha_4-beta_0.1,0.0597741,0.0159316,0.075711,3030,246,1756,446,-79.8346,-1345.03,7781.05,211328,54982
ethmac,baseline alpha_8-beta_0.1,0.0544207,0.0135233,0.0679492,1396,31,2272,387,-82.0387,-1397.42,7748.32,212568,53536
ethmac,modified alpha_8-beta_0.1,0.0542096,0.0134368,0.0676516,1380,35,2274,391,-81.3807,-1369.36,7745.51,212510,53515
ethmac,baseline alpha_16-beta_0.1,0.0542912,0.0134216,0.067718,1340,19,2292,385,-84.5453,-1430.47,7747.51,212524,53481
ethmac,modified alpha_16-beta_0.1,0.0538577,0.0133758,0.0672386,1330,26,2291,380,-83.7235,-1421.33,7743.93,212733,53476
ethmac,baseline alpha_67-beta_0.1,0.0538719,0.0133207,0.0671978,1312,11,2303,372,-83.3867,-1408.02,7743.5,212919,53443
ethmac,modified alpha_67-beta_0.1,0.0540373,0.0133114,0.0673539,1300,19,2302,389,-86.3644,-1407.76,7745.52,212961,53442
ethmac,baseline alpha_130-beta_0.1,0.0538719,0.0133207,0.0671978,1312,11,2303,372,-83.3867,-1408.02,7743.5,212919,53443
ethmac,modified alpha_130-beta_0.1,0.0540373,0.0133114,0.0673539,1300,19,2302,389,-86.3644,-1407.76,7745.52,212961,53442
ethmac,baseline alpha_193-beta_0.1,0.0538719,0.0133207,0.0671978,1312,11,2303,372,-83.3867,-1408.02,7743.5,212919,53443
ethmac,modified alpha_193-beta_0.1,0.0538539,0.0133641,0.0672232,1298,20,2302,383,-82.6106,-1358.1,7744.85,213143,53446
ethmac,baseline alpha_256-beta_0.1,0.0538719,0.0133207,0.0671978,1312,11,2303,372,-83.3867,-1408.02,7743.5,212919,53443
ethmac,modified alpha_256-beta_0.1,0.0538539,0.0133641,0.0672232,1298,20,2302,383,-82.6106,-1358.1,7744.85,213143,53446
ethmac_lvt,base,0.0941165,0.0267384,0.120893,10546,0,0,848,-11.4234,-100.123,7582.58,220874,58038
ethmac_lvt,baseline alpha_2-beta_0.1,0.0941139,0.0267367,0.120889,10546,0,0,848,-11.7344,-105.505,7582.58,220860,58038
ethmac_lvt,modified alpha_2-beta_0.1,0.0941139,0.0267367,0.120889,10546,0,0,848,-11.7344,-105.505,7582.58,220860,58038
ethmac_lvt,baseline alpha_4-beta_0.1,0.0941139,0.0267367,0.120889,10546,0,0,848,-11.7344,-105.505,7582.58,220860,58038
ethmac_lvt,modified alpha_4-beta_0.1,0.0941139,0.0267367,0.120889,10546,0,0,848,-11.7344,-105.505,7582.58,220860,58038
ethmac_lvt,baseline alpha_8-beta_0.1,0.0941139,0.0267367,0.120889,10546,0,0,848,-11.7344,-105.505,7582.58,220860,58038
ethmac_lvt,modified alpha_8-beta_0.1,0.0941139,0.0267367,0.120889,10546,0,0,848,-11.7344,-105.505,7582.58,220860,58038
ethmac_lvt,baseline alpha_16-beta_0.1,0.0941139,0.0267367,0.120889,10546,0,0,848,-11.7344,-105.505,7582.58,220860,58038
ethmac_lvt,modified alpha_16-beta_0.1,0.0941139,0.0267367,0.120889,10546,0,0,848,-11.7344,-105.505,7582.58,220860,58038
ethmac_lvt,baseline alpha_67-beta_0.1,0.0941139,0.0267367,0.120889,10546,0,0,848,-11.7344,-105.505,7582.58,220860,58038
ethmac_lvt,modified alpha_67-beta_0.1,0.0941139,0.0267367,0.120889,10546,0,0,848,-11.7344,-105.505,7582.58,220860,58038
ethmac_lvt,baseline alpha_130-beta_0.1,0.0941139,0.0267367,0.120889,10546,0,0,848,-11.7344,-105.505,7582.58,220860,58038
ethmac_lvt,modified alpha_130-beta_0.1,0.0941139,0.0267367,0.120889,10546,0,0,848,-11.7344,-105.505,7582.58,220860,58038
ethmac_lvt,baseline alpha_193-beta_0.1,0.0941139,0.0267367,0.120889,10546,0,0,848,-11.7344,-105.505,7582.58,220860,58038
ethmac_lvt,modified alpha_193-beta_0.1,0.0941139,0.0267367,0.120889,10546,0,0,848,-11.7344,-105.505,7582.58,220860,58038
ethmac_lvt,baseline alpha_256-beta_0.1,0.0941139,0.0267367,0.120889,10546,0,0,848,-11.7344,-105.505,7582.58,220860,58038
ethmac_lvt,modified alpha_256-beta_0.1,0.0941139,0.0267367,0.120889,10546,0,0,848,-11.7344,-105.505,7582.58,220860,58038
gcd,base,0.000595181,0.000323259,0.00091847,35,0,0,8,-16.7041,-79.1981,48.3473,875,468
gcd,baseline alpha_2-beta_0.1,0.000616266,0.000324963,0.000941259,31,2,0,8,-25.5887,-154.406,49.1492,891,473
gcd,modified alpha_2-beta_0.1,0.000569436,0.000315306,0.000884771,33,1,0,7,-22.9338,-122.621,47.8516,857,464
gcd,baseline alpha_4-beta_0.1,0.000537863,0.000293222,0.000831114,13,3,4,4,-30.9364,-242.927,47.8224,874,450
gcd,modified alpha_4-beta_0.1,0.00053613,0.000298484,0.000834642,21,3,2,4,-34.8767,-247.701,47.2392,857,450
gcd,baseline alpha_8-beta_0.1,0.000531188,0.000287228,0.000818445,5,3,6,4,-29.2401,-215.445,48.1723,883,447
gcd,modified alpha_8-beta_0.1,0.000541678,0.000294628,0.000836334,11,2,5,4,-30.5088,-226.542,48.1286,902,449
gcd,baseline alpha_16-beta_0.1,0.000540025,0.000284565,0.000824619,3,0,8,4,-26.9797,-188.904,48.1577,892,443
gcd,modified alpha_16-beta_0.1,0.000553483,0.000296603,0.000850114,9,3,5,4,-31.1031,-256.171,48.2452,927,449
gcd,baseline alpha_67-beta_0.1,0.000540025,0.000284565,0.000824619,3,0,8,4,-26.9797,-188.904,48.1577,892,443
gcd,modified alpha_67-beta_0.1,0.000553483,0.000296603,0.000850114,9,3,5,4,-31.1031,-256.171,48.2452,927,449
gcd,baseline alpha_130-beta_0.1,0.000540025,0.000284565,0.000824619,3,0,8,4,-26.9797,-188.904,48.1577,892,443
gcd,modified alpha_130-beta_0.1,0.000553483,0.000296603,0.000850114,9,3,5,4,-31.1031,-256.171,48.2452,927,449
gcd,baseline alpha_193-beta_0.1,0.000540025,0.000284565,0.000824619,3,0,8,4,-26.9797,-188.904,48.1577,892,443
gcd,modified alpha_193-beta_0.1,0.000553483,0.000296603,0.000850114,9,3,5,4,-31.1031,-256.171,48.2452,927,449
gcd,baseline alpha_256-beta_0.1,0.000540025,0.000284565,0.000824619,3,0,8,4,-26.9797,-188.904,48.1577,892,443
gcd,modified alpha_256-beta_0.1,0.000553483,0.000296603,0.000850114,9,3,5,4,-31.1031,-256.171,48.2452,927,449
gcd-ccs,base,0.000531237,0.000300921,0.000832185,35,0,0,6,-22.3332,-117.97,45.7083,804,443
ibex,base,0.0129319,0.0122544,0.025188,1939,0,0,156,-22.0397,-166.713,2541.78,97784,21734
ibex,baseline alpha_2-beta_0.1,0.0130983,0.0123,0.0254001,1929,1,2,155,-19.8961,-166.114,2555.95,98033,21810
ibex,modified alpha_2-beta_0.1,0.0129773,0.0123012,0.0252801,1931,0,2,156,-38.0986,-124.137,2553.37,98229,21788
ibex,baseline alpha_4-beta_0.1,0.0127379,0.0121678,0.0249074,1799,8,31,145,-35.3,-614.549,2534.6,97698,21605
ibex,modified alpha_4-beta_0.1,0.012584,0.0121264,0.024712,1801,5,32,145,-50.2937,-3120.06,2527.15,97424,21577
ibex,baseline alpha_8-beta_0.1,0.0125242,0.0120874,0.0246132,1691,2,61,136,-43.8284,-1005.98,2529.09,97496,21508
ibex,modified alpha_8-beta_0.1,0.0129401,0.0123131,0.0252549,1693,1,61,134,-35.8985,-432.024,2555.22,98241,21678
ibex,baseline alpha_16-beta_0.1,0.0125758,0.0121157,0.0246931,1675,2,65,141,-48.5341,-552.699,2532.18,97856,21517
ibex,baseline alpha_67-beta_0.1,0.0128586,0.0122491,0.0251093,1673,1,66,142,-44.3157,-992.794,2560.04,98700,21676
ibex,modified alpha_67-beta_0.1,0.0128005,0.0121739,0.024976,1673,1,66,143,-37.4418,-711.058,2546.35,97952,21575
ibex,baseline alpha_130-beta_0.1,0.0128586,0.0122491,0.0251093,1673,1,66,142,-44.3157,-992.794,2560.04,98700,21676
ibex,modified alpha_130-beta_0.1,0.0128005,0.0121739,0.024976,1673,1,66,143,-37.4418,-711.058,2546.35,97952,21575
ibex,baseline alpha_193-beta_0.1,0.0128586,0.0122491,0.0251093,1673,1,66,142,-44.3157,-992.794,2560.04,98700,21676
ibex,modified alpha_193-beta_0.1,0.0128005,0.0121739,0.024976,1673,1,66,143,-37.4418,-711.058,2546.35,97952,21575
ibex,baseline alpha_256-beta_0.1,0.0128586,0.0122491,0.0251093,1673,1,66,142,-44.3157,-992.794,2560.04,98700,21676
ibex,modified alpha_256-beta_0.1,0.0128005,0.0121739,0.024976,1673,1,66,143,-37.4418,-711.058,2546.35,97952,21575
jpeg,base,0.0623579,0.0568253,0.119187,4383,0,0,359,16.6334,0,6436.98,161615,57382
jpeg,baseline alpha_2-beta_0.1,0.0611458,0.0563782,0.117528,3505,111,164,334,19.8406,0,6432.13,161819,56779
jpeg,modified alpha_2-beta_0.1,0.0613874,0.0563655,0.117757,3457,129,167,344,19.1913,0,6435.38,161897,56793
jpeg,baseline alpha_4-beta_0.1,0.0565305,0.0548324,0.111367,1229,113,732,205,14.4718,0,6377.8,162870,54975
jpeg,modified alpha_4-beta_0.1,0.0566783,0.0548037,0.111486,1215,114,735,208,18.3147,0,6379.39,162750,54986
jpeg,baseline alpha_8-beta_0.1,0.0548601,0.0542538,0.109118,365,49,980,158,20.9884,0,6357.01,163880,54230
jpeg,modified alpha_8-beta_0.1,0.0548284,0.0542003,0.109032,301,41,1000,157,10.2724,0,6358.38,163570,54185
jpeg,baseline alpha_16-beta_0.1,0.0543323,0.0541162,0.108452,135,16,1054,144,13.9995,0,6351.03,164278,54000
jpeg,modified alpha_16-beta_0.1,0.0543513,0.0540321,0.108387,109,11,1063,156,19.359,0,6351.79,163804,53971
jpeg,baseline alpha_67-beta_0.1,0.0543037,0.0541359,0.108443,85,7,1071,134,16.3232,0,6350.86,164864,53971
jpeg,modified alpha_67-beta_0.1,0.0544696,0.0540825,0.108556,87,6,1071,153,10.3153,0,6355.57,164219,53983
jpeg,baseline alpha_130-beta_0.1,0.0543037,0.0541359,0.108443,85,7,1071,134,16.3232,0,6350.86,164864,53971
jpeg,modified alpha_130-beta_0.1,0.0544696,0.0540825,0.108556,87,6,1071,153,10.3153,0,6355.57,164219,53983
jpeg,baseline alpha_193-beta_0.1,0.0543037,0.0541359,0.108443,85,7,1071,134,16.3232,0,6350.86,164864,53971
jpeg,modified alpha_193-beta_0.1,0.0544696,0.0540825,0.108556,87,6,1071,153,10.3153,0,6355.57,164219,53983
jpeg,baseline alpha_256-beta_0.1,0.0543037,0.0541359,0.108443,85,7,1071,134,16.3232,0,6350.86,164864,53971
jpeg,modified alpha_256-beta_0.1,0.0544696,0.0540825,0.108556,87,6,1071,153,10.3153,0,6355.57,164219,53983
jpeg_lvt,base,0.080989,0.0677639,0.148777,4383,0,0,306,6.56358,0,6432.89,168558,59171
jpeg_lvt,baseline alpha_2-beta_0.1,0.0809903,0.0677662,0.148781,4383,0,0,306,6.83392,0,6432.89,168567,59171
jpeg_lvt,modified alpha_2-beta_0.1,0.0809903,0.0677662,0.148781,4383,0,0,306,6.83392,0,6432.89,168567,59171
jpeg_lvt,baseline alpha_4-beta_0.1,0.0809903,0.0677662,0.148781,4383,0,0,306,6.83392,0,6432.89,168567,59171
jpeg_lvt,modified alpha_4-beta_0.1,0.0809903,0.0677662,0.148781,4383,0,0,306,6.83392,0,6432.89,168567,59171
jpeg_lvt,baseline alpha_8-beta_0.1,0.0809903,0.0677662,0.148781,4383,0,0,306,6.83392,0,6432.89,168567,59171
jpeg_lvt,modified alpha_8-beta_0.1,0.0809903,0.0677662,0.148781,4383,0,0,306,6.83392,0,6432.89,168567,59171
jpeg_lvt,baseline alpha_16-beta_0.1,0.0809903,0.0677662,0.148781,4383,0,0,306,6.83392,0,6432.89,168567,59171
jpeg_lvt,modified alpha_16-beta_0.1,0.0809903,0.0677662,0.148781,4383,0,0,306,6.83392,0,6432.89,168567,59171
jpeg_lvt,baseline alpha_67-beta_0.1,0.0809903,0.0677662,0.148781,4383,0,0,306,6.83392,0,6432.89,168567,59171
jpeg_lvt,modified alpha_67-beta_0.1,0.0809903,0.0677662,0.148781,4383,0,0,306,6.83392,0,6432.89,168567,59171
jpeg_lvt,baseline alpha_130-beta_0.1,0.0809903,0.0677662,0.148781,4383,0,0,306,6.83392,0,6432.89,168567,59171
jpeg_lvt,modified alpha_130-beta_0.1,0.0809903,0.0677662,0.148781,4383,0,0,306,6.83392,0,6432.89,168567,59171
jpeg_lvt,baseline alpha_193-beta_0.1,0.0809903,0.0677662,0.148781,4383,0,0,306,6.83392,0,6432.89,168567,59171
jpeg_lvt,modified alpha_193-beta_0.1,0.0809903,0.0677662,0.148781,4383,0,0,306,6.83392,0,6432.89,168567,59171
jpeg_lvt,baseline alpha_256-beta_0.1,0.0809903,0.0677662,0.148781,4383,0,0,306,6.83392,0,6432.89,168567,59171
jpeg_lvt,modified alpha_256-beta_0.1,0.0809903,0.0677662,0.148781,4383,0,0,306,6.83392,0,6432.89,168567,59171
mock-alu,base,0.0306647,0.0279891,0.0586548,1413,0,0,118,-283.769,-12987,1632.38,47371,13454
mock-alu,baseline alpha_2-beta_0.1,0.029796,0.0277227,0.0575198,1143,69,33,95,-286.843,-13865,1627.86,47483,13273
mock-alu,modified alpha_2-beta_0.1,0.0294326,0.0276355,0.0570691,1107,73,40,87,-285.84,-13841,1628.37,47761,13279
mock-alu,baseline alpha_4-beta_0.1,0.0269932,0.0268037,0.0537978,403,51,227,61,-311.199,-15466.4,1618.41,48966,12688
mock-alu,modified alpha_4-beta_0.1,0.0268976,0.0266877,0.0535863,387,43,235,59,-303.242,-15768.1,1606.38,48205,12595
mock-alu,baseline alpha_8-beta_0.1,0.02571,0.0263233,0.0520343,59,9,334,41,-302.111,-16891.6,1613.04,49698,12395
mock-alu,modified alpha_8-beta_0.1,0.0256063,0.0262005,0.0518078,63,11,332,36,-281.321,-15439.7,1602.06,48586,12344
mock-alu,baseline alpha_16-beta_0.1,0.0255313,0.0262396,0.0517718,21,4,346,42,-308.996,-15575.6,1613.04,49560,12357
mock-alu,modified alpha_16-beta_0.1,0.0256031,0.0261538,0.0517578,31,5,343,42,-282.287,-16326.6,1600.05,48847,12301
mock-alu,baseline alpha_67-beta_0.1,0.0255266,0.0262237,0.0517513,13,0,350,44,-304.461,-17393.3,1602.59,49000,12315
mock-alu,modified alpha_67-beta_0.1,0.0253701,0.026171,0.0515421,17,4,347,38,-298.399,-15416.7,1598.32,48944,12283
mock-alu,baseline alpha_130-beta_0.1,0.0255266,0.0262237,0.0517513,13,0,350,44,-304.461,-17393.3,1602.59,49000,12315
mock-alu,modified alpha_130-beta_0.1,0.0254909,0.0261538,0.0516457,23,5,345,38,-292.393,-17619.1,1598.38,48603,12280
mock-alu,baseline alpha_193-beta_0.1,0.0255266,0.0262237,0.0517513,13,0,350,44,-304.461,-17393.3,1602.59,49000,12315
mock-alu,modified alpha_193-beta_0.1,0.0254699,0.0262163,0.0516872,23,1,347,37,-281.004,-16077,1607.5,49167,12334
mock-alu,baseline alpha_256-beta_0.1,0.0255266,0.0262237,0.0517513,13,0,350,44,-304.461,-17393.3,1602.59,49000,12315
mock-alu,modified alpha_256-beta_0.1,0.0253701,0.026171,0.0515421,17,4,347,38,-298.399,-15416.7,1598.32,48944,12283
mock-cpu,base,0.117619,0.0293044,0.146926,18680,0,0,1275,-67.9418,-1602.45,6918.28,47500,41896
riscv32i,base,0.0251285,0.00842775,0.0340728,1056,0,0,132,21.0901,0,2691.15,58144,10879
riscv32i,baseline alpha_2-beta_0.1,0.024928,0.00831939,0.0337639,920,8,30,150,15.5705,0,2693.7,57815,10816
riscv32i,modified alpha_2-beta_0.1,0.0249858,0.00837544,0.0338778,896,16,32,159,2.86815,0,2693.69,57857,10808
riscv32i,baseline alpha_4-beta_0.1,0.0237905,0.00795162,0.0322586,324,18,174,110,-10.9683,-957.336,2671.86,57828,10343
riscv32i,modified alpha_4-beta_0.1,0.0237299,0.00794505,0.0321914,312,26,173,110,5.30409,0,2671.39,57768,10329
riscv32i,baseline alpha_8-beta_0.1,0.0231571,0.00773779,0.0314114,56,4,248,60,18.4208,0,2659.7,58556,10073
riscv32i,modified alpha_8-beta_0.1,0.0230356,0.00765744,0.0312095,56,4,248,62,17.893,0,2657.03,57874,10062
riscv32i,baseline alpha_16-beta_0.1,0.0229541,0.00764274,0.0311134,42,1,253,55,18.8314,0,2652.76,58063,10023
riscv32i,modified alpha_16-beta_0.1,0.0228962,0.0075813,0.030994,44,2,252,61,27.3104,0,2653.08,57735,10029
riscv32i,baseline alpha_67-beta_0.1,0.0229731,0.00765998,0.0311495,40,2,253,54,13.3393,0,2652.32,58067,10023
riscv32i,modified alpha_67-beta_0.1,0.0229797,0.00763406,0.0311303,38,3,253,55,13.8806,0,2656.41,57982,10045
riscv32i,baseline alpha_130-beta_0.1,0.0229731,0.00765998,0.0311495,40,2,253,54,13.3393,0,2652.32,58067,10023
riscv32i,modified alpha_130-beta_0.1,0.0229797,0.00763406,0.0311303,38,3,253,55,13.8806,0,2656.41,57982,10045
riscv32i,baseline alpha_193-beta_0.1,0.0229731,0.00765998,0.0311495,40,2,253,54,13.3393,0,2652.32,58067,10023
riscv32i,modified alpha_193-beta_0.1,0.0229797,0.00763406,0.0311303,38,3,253,55,13.8806,0,2656.41,57982,10045
riscv32i,baseline alpha_256-beta_0.1,0.0229731,0.00765998,0.0311495,40,2,253,54,13.3393,0,2652.32,58067,10023
riscv32i,modified alpha_256-beta_0.1,0.0229797,0.00763406,0.0311303,38,3,253,55,13.8806,0,2656.41,57982,10045
riscv32i-mock-sram,base,0.00894049,0.00844642,0.0173878,1056,0,0,125,-19.954,-122.054,1983.47,57992,10347
riscv32i-mock-sram,baseline alpha_2-beta_0.1,0.00857627,0.00840888,0.016986,872,18,37,155,-76.2622,-10144,1979.03,58098,10235
riscv32i-mock-sram,modified alpha_2-beta_0.1,0.00866615,0.00838975,0.0170568,826,25,45,154,-41.922,-262.11,1983.36,58550,10238
riscv32i-mock-sram,baseline alpha_4-beta_0.1,0.00746934,0.00791274,0.0153829,282,25,181,102,-21.7457,-332.044,1955.53,57393,9730
riscv32i-mock-sram,modified alpha_4-beta_0.1,0.00723417,0.00721525,0.0144502,230,29,192,96,-0.277667,-0.277667,1948.29,52477,9632
riscv32i-mock-sram,baseline alpha_8-beta_0.1,0.00683915,0.00752762,0.0143676,48,0,252,59,-45.5508,-7886.37,1936.79,55966,9430
riscv32i-mock-sram,modified alpha_8-beta_0.1,0.00712643,0.00767998,0.0148072,44,0,253,55,-4.12392,-6.16179,1951.44,56847,9546
riscv32i-mock-sram,baseline alpha_16-beta_0.1,0.00686577,0.00754124,0.0144078,44,0,253,60,-29.5874,-1072.73,1938.44,55732,9432
riscv32i-mock-sram,modified alpha_16-beta_0.1,0.00718076,0.00766881,0.0148504,42,1,253,58,-13.0371,-31.4082,1952.16,56809,9548
riscv32i-mock-sram,baseline alpha_67-beta_0.1,0.00686577,0.00754124,0.0144078,44,0,253,60,-29.5874,-1072.73,1938.44,55732,9432
riscv32i-mock-sram,modified alpha_67-beta_0.1,0.00690037,0.00757156,0.0144727,48,2,251,59,-2.02605,-2.02605,1940.61,56495,9458
riscv32i-mock-sram,baseline alpha_130-beta_0.1,0.00686577,0.00754124,0.0144078,44,0,253,60,-29.5874,-1072.73,1938.44,55732,9432
riscv32i-mock-sram,modified alpha_130-beta_0.1,0.00690037,0.00757156,0.0144727,48,2,251,59,-2.02605,-2.02605,1940.61,56495,9458
riscv32i-mock-sram,baseline alpha_193-beta_0.1,0.00686577,0.00754124,0.0144078,44,0,253,60,-29.5874,-1072.73,1938.44,55732,9432
riscv32i-mock-sram,modified alpha_193-beta_0.1,0.00690037,0.00757156,0.0144727,48,2,251,59,-2.02605,-2.02605,1940.61,56495,9458
riscv32i-mock-sram,baseline alpha_256-beta_0.1,0.00686577,0.00754124,0.0144078,44,0,253,60,-29.5874,-1072.73,1938.44,55732,9432
riscv32i-mock-sram,modified alpha_256-beta_0.1,0.00690037,0.00757156,0.0144727,48,2,251,59,-2.02605,-2.02605,1940.61,56495,9458
riscv32i-mock-sram_fakeram7_256x32,base,0.000294207,0.000115775,0.000410032,97,0,0,14,-21.3538,-1555.91,79.3881,1140,748
riscv32i-mock-sram_fakeram7_256x32,baseline alpha_2-beta_0.1,0.000296896,0.000114762,0.000411707,83,1,3,13,-17.8938,-970.004,78.8632,1110,740
riscv32i-mock-sram_fakeram7_256x32,modified alpha_2-beta_0.1,0.00028929,0.000113962,0.000403302,91,3,0,15,-23.2655,-1308.39,79.3881,1151,748
riscv32i-mock-sram_fakeram7_256x32,baseline alpha_4-beta_0.1,0.000241145,9.24248e-05,0.000333613,9,2,21,7,-4.87985,-14.5678,75.2474,1045,667
riscv32i-mock-sram_fakeram7_256x32,modified alpha_4-beta_0.1,0.000279621,0.000110159,0.00038983,55,5,8,15,-21.5123,-711.393,79.8838,1205,729
riscv32i-mock-sram_fakeram7_256x32,baseline alpha_8-beta_0.1,0.000218389,8.54919e-05,0.000303921,3,1,23,4,7.09472,0,73.0021,950,652
riscv32i-mock-sram_fakeram7_256x32,modified alpha_8-beta_0.1,0.000264957,0.000107231,0.000372237,43,7,10,13,-19.0803,-535.819,79.913,1176,727
riscv32i-mock-sram_fakeram7_256x32,baseline alpha_16-beta_0.1,0.000218389,8.54919e-05,0.000303921,3,1,23,4,7.09472,0,73.0021,950,652
riscv32i-mock-sram_fakeram7_256x32,modified alpha_16-beta_0.1,0.000264957,0.000107231,0.000372237,43,7,10,13,-19.0803,-535.819,79.913,1176,727
riscv32i-mock-sram_fakeram7_256x32,baseline alpha_67-beta_0.1,0.000218389,8.54919e-05,0.000303921,3,1,23,4,7.09472,0,73.0021,950,652
riscv32i-mock-sram_fakeram7_256x32,modified alpha_67-beta_0.1,0.000262706,0.000111748,0.000374504,41,8,10,10,-19.7141,-498.155,79.9859,1250,727
riscv32i-mock-sram_fakeram7_256x32,baseline alpha_130-beta_0.1,0.000218389,8.54919e-05,0.000303921,3,1,23,4,7.09472,0,73.0021,950,652
riscv32i-mock-sram_fakeram7_256x32,modified alpha_130-beta_0.1,0.000262706,0.000111748,0.000374504,41,8,10,10,-19.7141,-498.155,79.9859,1250,727
riscv32i-mock-sram_fakeram7_256x32,baseline alpha_193-beta_0.1,0.000218389,8.54919e-05,0.000303921,3,1,23,4,7.09472,0,73.0021,950,652
riscv32i-mock-sram_fakeram7_256x32,modified alpha_193-beta_0.1,0.000262706,0.000111748,0.000374504,41,8,10,10,-19.7141,-498.155,79.9859,1250,727
riscv32i-mock-sram_fakeram7_256x32,baseline alpha_256-beta_0.1,0.000218389,8.54919e-05,0.000303921,3,1,23,4,7.09472,0,73.0021,950,652
riscv32i-mock-sram_fakeram7_256x32,modified alpha_256-beta_0.1,0.000262706,0.000111748,0.000374504,41,8,10,10,-19.7141,-498.155,79.9859,1250,727
uart,base,0.00152404,0.000806276,0.00233041,79,0,0,10,-28.1756,-636.381,95.2074,1455,854
uart,baseline alpha_2-beta_0.1,0.00141762,0.000718423,0.00213613,14,17,8,6,-22.5039,-598.382,93.1225,1477,803
uart,modified alpha_2-beta_0.1,0.00141207,0.000734141,0.0021463,13,23,5,6,-28.9935,-762.915,92.9329,1518,801
uart,baseline alpha_4-beta_0.1,0.00139183,0.000705873,0.00209779,5,12,13,7,-25.9248,-681.38,93.7348,1483,796
uart,modified alpha_4-beta_0.1,0.00139422,0.000700519,0.00209482,4,8,15,4,-21.4876,-698.301,92.4664,1463,781
uart,baseline alpha_8-beta_0.1,0.00137587,0.000705816,0.00208177,0,0,20,3,-22.8686,-624.989,92.9767,1498,775
uart,modified alpha_8-beta_0.1,0.00137591,0.000703154,0.00207915,1,1,19,4,-19.6877,-525.07,92.0581,1482,776
uart,baseline alpha_16-beta_0.1,0.00137587,0.000705816,0.00208177,0,0,20,3,-22.8686,-624.989,92.9767,1498,775
uart,modified alpha_16-beta_0.1,0.00137591,0.000703154,0.00207915,1,1,19,4,-19.6877,-525.07,92.0581,1482,776
uart,baseline alpha_67-beta_0.1,0.00137587,0.000705816,0.00208177,0,0,20,3,-22.8686,-624.989,92.9767,1498,775
uart,modified alpha_67-beta_0.1,0.00138834,0.000706327,0.00209476,0,0,20,4,-21.0207,-665.148,93.2099,1504,781
uart,baseline alpha_130-beta_0.1,0.00137587,0.000705816,0.00208177,0,0,20,3,-22.8686,-624.989,92.9767,1498,775
uart,modified alpha_130-beta_0.1,0.00138834,0.000706327,0.00209476,0,0,20,4,-21.0207,-665.148,93.2099,1504,781
uart,baseline alpha_193-beta_0.1,0.00137587,0.000705816,0.00208177,0,0,20,3,-22.8686,-624.989,92.9767,1498,775
uart,modified alpha_193-beta_0.1,0.00138834,0.000706327,0.00209476,0,0,20,4,-21.0207,-665.148,93.2099,1504,781
uart,baseline alpha_256-beta_0.1,0.00137587,0.000705816,0.00208177,0,0,20,3,-22.8686,-624.989,92.9767,1498,775
uart,modified alpha_256-beta_0.1,0.00138834,0.000706327,0.00209476,0,0,20,4,-21.0207,-665.148,93.2099,1504,781
